days_since_initial_visit_in_ldct
371.0     1145
842.0     1000
442.0      733
358.0      486
340.0      448
357.0      307
92.0       285
704.0      241
683.0      232
364.0      208
105.0      203
362.0      179
363.0      163
346.0      152
157.0      152
365.0      143
366.0      137
716.0      135
377.0      133
681.0      133
828.0      129
374.0      128
109.0      127
505.0      125
85.0       124
372.0      115
368.0      111
373.0      110
97.0       110
350.0      105
70.0       105
695.0      104
731.0      102
728.0       99
676.0       98
717.0       97
713.0       95
95.0        95
678.0       95
387.0       90
370.0       89
375.0       88
349.0       80
689.0       79
104.0       77
693.0       77
735.0       71
99.0        71
430.0       70
709.0       69
809.0       68
360.0       67
369.0       67
108.0       66
356.0       65
546.0       65
904.0       64
792.0       64
102.0       64
182.0       64
708.0       63
376.0       63
722.0       62
337.0       62
711.0       60
449.0       59
707.0       58
721.0       56
354.0       55
706.0       54
361.0       53
734.0       52
359.0       51
686.0       51
409.0       51
749.0       51
388.0       50
660.0       50
355.0       47
399.0       47
382.0       47
436.0       47
736.0       46
750.0       45
79.0        45
741.0       43
537.0       43
774.0       42
726.0       42
420.0       42
729.0       42
106.0       42
714.0       41
404.0       41
730.0       41
379.0       40
451.0       39
684.0       39
381.0       38
659.0       38
378.0       38
392.0       38
788.0       38
367.0       37
87.0        37
393.0       37
120.0       37
771.0       36
345.0       36
80.0        36
687.0       35
391.0       35
438.0       34
705.0       34
742.0       33
611.0       33
86.0        33
763.0       33
657.0       32
732.0       32
630.0       32
74.0        32
162.0       32
467.0       32
737.0       31
466.0       31
426.0       31
94.0        31
798.0       31
773.0       31
699.0       30
91.0        30
740.0       29
344.0       29
781.0       29
727.0       29
401.0       29
483.0       29
680.0       29
782.0       29
84.0        29
117.0       29
93.0        29
810.0       29
819.0       29
455.0       29
733.0       28
112.0       28
720.0       28
62.0        28
323.0       28
386.0       27
675.0       27
96.0        27
572.0       27
166.0       27
51.0        27
168.0       27
90.0        27
500.0       27
424.0       26
739.0       26
406.0       26
712.0       25
380.0       25
744.0       25
692.0       24
411.0       24
121.0       24
665.0       23
753.0       23
398.0       23
688.0       23
650.0       23
352.0       23
400.0       23
347.0       22
696.0       22
674.0       22
389.0       22
621.0       22
383.0       22
685.0       22
772.0       22
697.0       21
682.0       21
348.0       21
402.0       20
443.0       20
395.0       20
193.0       20
768.0       20
756.0       20
719.0       19
351.0       19
394.0       19
412.0       19
72.0        19
694.0       19
718.0       19
83.0        19
673.0       18
748.0       18
690.0       18
403.0       18
723.0       18
700.0       18
790.0       17
747.0       17
419.0       17
724.0       17
441.0       17
743.0       16
672.0       16
343.0       16
652.0       16
710.0       16
202.0       16
384.0       15
390.0       15
701.0       15
427.0       15
715.0       15
758.0       14
623.0       14
752.0       14
677.0       14
698.0       14
397.0       14
764.0       14
396.0       14
435.0       14
464.0       14
751.0       14
422.0       14
407.0       14
691.0       13
423.0       13
725.0       13
800.0       13
757.0       13
429.0       13
760.0       12
385.0       12
776.0       12
418.0       12
410.0       12
341.0       12
452.0       12
476.0       12
656.0       12
124.0       12
603.0       12
328.0       12
458.0       12
153.0       11
647.0       11
336.0       11
309.0       11
136.0       11
837.0       11
542.0       11
405.0       11
702.0       11
140.0       11
616.0       11
119.0       11
450.0       11
416.0       10
457.0       10
765.0       10
60.0        10
755.0       10
353.0       10
333.0       10
762.0       10
335.0       10
133.0       10
510.0       10
844.0       10
738.0       10
71.0        10
485.0       10
635.0       10
468.0       10
646.0       10
539.0       10
445.0       10
802.0       10
118.0       10
484.0       10
110.0       10
111.0       10
606.0       10
884.0       10
663.0        9
415.0        9
240.0        9
453.0        9
655.0        9
766.0        9
745.0        9
82.0         9
499.0        9
338.0        9
159.0        9
431.0        9
638.0        9
493.0        9
68.0         9
220.0        9
477.0        9
73.0         9
989.0        9
918.0        9
147.0        9
667.0        8
444.0        8
332.0        8
339.0        8
662.0        8
425.0        8
428.0        8
472.0        8
670.0        8
615.0        8
870.0        8
413.0        8
857.0        8
605.0        8
799.0        8
197.0        8
664.0        8
785.0        8
541.0        8
808.0        8
520.0        8
113.0        8
206.0        8
152.0        8
149.0        8
189.0        8
198.0        8
551.0        8
875.0        8
830.0        8
850.0        8
156.0        8
169.0        8
882.0        8
281.0        8
56.0         8
138.0        8
804.0        7
89.0         7
813.0        7
470.0        7
434.0        7
417.0        7
342.0        7
622.0        7
817.0        7
600.0        7
103.0        7
767.0        7
669.0        7
122.0        7
779.0        7
590.0        7
746.0        7
437.0        7
535.0        6
408.0        6
601.0        6
653.0        6
617.0        6
609.0        6
637.0        6
608.0        6
645.0        6
644.0        6
778.0        6
703.0        6
679.0        6
754.0        5
761.0        5
651.0        5
671.0        5
783.0        5
658.0        5
648.0        5
582.0        5
305.0        5
613.0        5
770.0        5
414.0        5
780.0        5
556.0        5
439.0        5
548.0        5
794.0        5
78.0         5
107.0        5
81.0         5
777.0        5
786.0        5
463.0        5
639.0        5
666.0        5
460.0        4
250.0        4
602.0        4
821.0        4
624.0        4
303.0        4
787.0        4
315.0        4
560.0        4
627.0        4
308.0        4
544.0        4
329.0        4
661.0        4
580.0        4
525.0        4
795.0        4
498.0        4
576.0        4
491.0        4
583.0        4
503.0        4
176.0        4
521.0        4
448.0        4
554.0        4
636.0        4
440.0        4
469.0        4
301.0        4
803.0        3
98.0         3
818.0        3
612.0        3
597.0        3
461.0        3
479.0        3
801.0        3
497.0        3
839.0        3
588.0        3
831.0        3
459.0        3
495.0        3
791.0        3
421.0        3
827.0        3
473.0        3
569.0        3
61.0         3
446.0        3
820.0        3
158.0        3
531.0        3
889.0        3
145.0        3
148.0        3
269.0        3
642.0        3
506.0        3
494.0        3
610.0        3
233.0        3
614.0        3
584.0        3
482.0        3
518.0        3
545.0        3
522.0        3
515.0        3
604.0        3
513.0        3
619.0        3
769.0        3
131.0        3
838.0        3
88.0         3
504.0        3
626.0        3
784.0        2
101.0        2
2.0          2
134.0        2
568.0        2
816.0        2
496.0        2
654.0        2
574.0        2
331.0        2
595.0        2
261.0        2
480.0        2
42.0         2
607.0        2
292.0        2
77.0         2
567.0        2
231.0        2
797.0        2
432.0        2
486.0        2
211.0        2
643.0        2
265.0        2
487.0        2
834.0        2
620.0        2
216.0        2
509.0        2
640.0        2
527.0        2
599.0        2
160.0        2
161.0        2
618.0        2
263.0        2
532.0        2
256.0        2
815.0        2
125.0        2
566.0        2
330.0        2
447.0        2
632.0        2
814.0        2
314.0        2
853.0        2
478.0        2
100.0        2
128.0        2
471.0        2
846.0        2
164.0        2
279.0        2
668.0        2
631.0        2
587.0        2
789.0        2
201.0        2
40.0         2
49.0         2
596.0        2
264.0        2
33.0         2
634.0        2
1.0          1
806.0        1
8.0          1
1049.0       1
227.0        1
997.0        1
824.0        1
854.0        1
905.0        1
1027.0       1
37.0         1
276.0        1
900.0        1
1403.0       1
949.0        1
914.0        1
205.0        1
462.0        1
1056.0       1
559.0        1
7.0          1
923.0        1
203.0        1
139.0        1
196.0        1
629.0        1
759.0        1
252.0        1
851.0        1
571.0        1
919.0        1
1079.0       1
867.0        1
861.0        1
987.0        1
191.0        1
849.0        1
52.0         1
210.0        1
575.0        1
214.0        1
898.0        1
321.0        1
302.0        1
625.0        1
319.0        1
67.0         1
236.0        1
906.0        1
564.0        1
299.0        1
58.0         1
244.0        1
573.0        1
909.0        1
313.0        1
199.0        1
649.0        1
28.0         1
175.0        1
855.0        1
20.0         1
565.0        1
474.0        1
55.0         1
502.0        1
41.0         1
150.0        1
246.0        1
44.0         1
174.0        1
641.0        1
563.0        1
921.0        1
543.0        1
913.0        1
628.0        1
481.0        1
130.0        1
589.0        1
155.0        1
519.0        1
833.0        1
862.0        1
555.0        1
888.0        1
306.0        1
294.0        1
1007.0       1
10.0         1
570.0        1
271.0        1
324.0        1
593.0        1
66.0         1
524.0        1
523.0        1
194.0        1
508.0        1
932.0        1
316.0        1
39.0         1
835.0        1
143.0        1
775.0        1
578.0        1
334.0        1
901.0        1
978.0        1
286.0        1
326.0        1
872.0        1
852.0        1
822.0        1
534.0        1
186.0        1
192.0        1
322.0        1
490.0        1
501.0        1
207.0        1
116.0        1
21.0         1days_since_initial_visit_in_ldct
371.0     1145
842.0     1000
442.0      733
358.0      486
340.0      448
357.0      307
92.0       285
704.0      241
683.0      232
364.0      208
105.0      203
362.0      179
363.0      163
346.0      152
157.0      152
365.0      143
366.0      137
716.0      135
377.0      133
681.0      133
828.0      129
374.0      128
109.0      127
505.0      125
85.0       124
372.0      115
368.0      111
373.0      110
97.0       110
350.0      105
70.0       105
695.0      104
731.0      102
728.0       99
676.0       98
717.0       97
713.0       95
95.0        95
678.0       95
387.0       90
370.0       89
375.0       88
349.0       80
689.0       79
104.0       77
693.0       77
735.0       71
99.0        71
430.0       70
709.0       69
809.0       68
360.0       67
369.0       67
108.0       66
356.0       65
546.0       65
904.0       64
792.0       64
102.0       64
182.0       64
708.0       63
376.0       63
722.0       62
337.0       62
711.0       60
449.0       59
707.0       58
721.0       56
354.0       55
706.0       54
361.0       53
734.0       52
359.0       51
686.0       51
409.0       51
749.0       51
388.0       50
660.0       50
355.0       47
399.0       47
382.0       47
436.0       47
736.0       46
750.0       45
79.0        45
741.0       43
537.0       43
774.0       42
726.0       42
420.0       42
729.0       42
106.0       42
714.0       41
404.0       41
730.0       41
379.0       40
451.0       39
684.0       39
381.0       38
659.0       38
378.0       38
392.0       38
788.0       38
367.0       37
87.0        37
393.0       37
120.0       37
771.0       36
345.0       36
80.0        36
687.0       35
391.0       35
438.0       34
705.0       34
742.0       33
611.0       33
86.0        33
763.0       33
657.0       32
732.0       32
630.0       32
74.0        32
162.0       32
467.0       32
737.0       31
466.0       31
426.0       31
94.0        31
798.0       31
773.0       31
699.0       30
91.0        30
740.0       29
344.0       29
781.0       29
727.0       29
401.0       29
483.0       29
680.0       29
782.0       29
84.0        29
117.0       29
93.0        29
810.0       29
819.0       29
455.0       29
733.0       28
112.0       28
720.0       28
62.0        28
323.0       28
386.0       27
675.0       27
96.0        27
572.0       27
166.0       27
51.0        27
168.0       27
90.0        27
500.0       27
424.0       26
739.0       26
406.0       26
712.0       25
380.0       25
744.0       25
692.0       24
411.0       24
121.0       24
665.0       23
753.0       23
398.0       23
688.0       23
650.0       23
352.0       23
400.0       23
347.0       22
696.0       22
674.0       22
389.0       22
621.0       22
383.0       22
685.0       22
772.0       22
697.0       21
682.0       21
348.0       21
402.0       20
443.0       20
395.0       20
193.0       20
768.0       20
756.0       20
719.0       19
351.0       19
394.0       19
412.0       19
72.0        19
694.0       19
718.0       19
83.0        19
673.0       18
748.0       18
690.0       18
403.0       18
723.0       18
700.0       18
790.0       17
747.0       17
419.0       17
724.0       17
441.0       17
743.0       16
672.0       16
343.0       16
652.0       16
710.0       16
202.0       16
384.0       15
390.0       15
701.0       15
427.0       15
715.0       15
758.0       14
623.0       14
752.0       14
677.0       14
698.0       14
397.0       14
764.0       14
396.0       14
435.0       14
464.0       14
751.0       14
422.0       14
407.0       14
691.0       13
423.0       13
725.0       13
800.0       13
757.0       13
429.0       13
760.0       12
385.0       12
776.0       12
418.0       12
410.0       12
341.0       12
452.0       12
476.0       12
656.0       12
124.0       12
603.0       12
328.0       12
458.0       12
153.0       11
647.0       11
336.0       11
309.0       11
136.0       11
837.0       11
542.0       11
405.0       11
702.0       11
140.0       11
616.0       11
119.0       11
450.0       11
416.0       10
457.0       10
765.0       10
60.0        10
755.0       10
353.0       10
333.0       10
762.0       10
335.0       10
133.0       10
510.0       10
844.0       10
738.0       10
71.0        10
485.0       10
635.0       10
468.0       10
646.0       10
539.0       10
445.0       10
802.0       10
118.0       10
484.0       10
110.0       10
111.0       10
606.0       10
884.0       10
663.0        9
415.0        9
240.0        9
453.0        9
655.0        9
766.0        9
745.0        9
82.0         9
499.0        9
338.0        9
159.0        9
431.0        9
638.0        9
493.0        9
68.0         9
220.0        9
477.0        9
73.0         9
989.0        9
918.0        9
147.0        9
667.0        8
444.0        8
332.0        8
339.0        8
662.0        8
425.0        8
428.0        8
472.0        8
670.0        8
615.0        8
870.0        8
413.0        8
857.0        8
605.0        8
799.0        8
197.0        8
664.0        8
785.0        8
541.0        8
808.0        8
520.0        8
113.0        8
206.0        8
152.0        8
149.0        8
189.0        8
198.0        8
551.0        8
875.0        8
830.0        8
850.0        8
156.0        8
169.0        8
882.0        8
281.0        8
56.0         8
138.0        8
804.0        7
89.0         7
813.0        7
470.0        7
434.0        7
417.0        7
342.0        7
622.0        7
817.0        7
600.0        7
103.0        7
767.0        7
669.0        7
122.0        7
779.0        7
590.0        7
746.0        7
437.0        7
535.0        6
408.0        6
601.0        6
653.0        6
617.0        6
609.0        6
637.0        6
608.0        6
645.0        6
644.0        6
778.0        6
703.0        6
679.0        6
754.0        5
761.0        5
651.0        5
671.0        5
783.0        5
658.0        5
648.0        5
582.0        5
305.0        5
613.0        5
770.0        5
414.0        5
780.0        5
556.0        5
439.0        5
548.0        5
794.0        5
78.0         5
107.0        5
81.0         5
777.0        5
786.0        5
463.0        5
639.0        5
666.0        5
460.0        4
250.0        4
602.0        4
821.0        4
624.0        4
303.0        4
787.0        4
315.0        4
560.0        4
627.0        4
308.0        4
544.0        4
329.0        4
661.0        4
580.0        4
525.0        4
795.0        4
498.0        4
576.0        4
491.0        4
583.0        4
503.0        4
176.0        4
521.0        4
448.0        4
554.0        4
636.0        4
440.0        4
469.0        4
301.0        4
803.0        3
98.0         3
818.0        3
612.0        3
597.0        3
461.0        3
479.0        3
801.0        3
497.0        3
839.0        3
588.0        3
831.0        3
459.0        3
495.0        3
791.0        3
421.0        3
827.0        3
473.0        3
569.0        3
61.0         3
446.0        3
820.0        3
158.0        3
531.0        3
889.0        3
145.0        3
148.0        3
269.0        3
642.0        3
506.0        3
494.0        3
610.0        3
233.0        3
614.0        3
584.0        3
482.0        3
518.0        3
545.0        3
522.0        3
515.0        3
604.0        3
513.0        3
619.0        3
769.0        3
131.0        3
838.0        3
88.0         3
504.0        3
626.0        3
784.0        2
101.0        2
2.0          2
134.0        2
568.0        2
816.0        2
496.0        2
654.0        2
574.0        2
331.0        2
595.0        2
261.0        2
480.0        2
42.0         2
607.0        2
292.0        2
77.0         2
567.0        2
231.0        2
797.0        2
432.0        2
486.0        2
211.0        2
643.0        2
265.0        2
487.0        2
834.0        2
620.0        2
216.0        2
509.0        2
640.0        2
527.0        2
599.0        2
160.0        2
161.0        2
618.0        2
263.0        2
532.0        2
256.0        2
815.0        2
125.0        2
566.0        2
330.0        2
447.0        2
632.0        2
814.0        2
314.0        2
853.0        2
478.0        2
100.0        2
128.0        2
471.0        2
846.0        2
164.0        2
279.0        2
668.0        2
631.0        2
587.0        2
789.0        2
201.0        2
40.0         2
49.0         2
596.0        2
264.0        2
33.0         2
634.0        2
1.0          1
806.0        1
8.0          1
1049.0       1
227.0        1
997.0        1
824.0        1
854.0        1
905.0        1
1027.0       1
37.0         1
276.0        1
900.0        1
1403.0       1
949.0        1
914.0        1
205.0        1
462.0        1
1056.0       1
559.0        1
7.0          1
923.0        1
203.0        1
139.0        1
196.0        1
629.0        1
759.0        1
252.0        1
851.0        1
571.0        1
919.0        1
1079.0       1
867.0        1
861.0        1
987.0        1
191.0        1
849.0        1
52.0         1
210.0        1
575.0        1
214.0        1
898.0        1
321.0        1
302.0        1
625.0        1
319.0        1
67.0         1
236.0        1
906.0        1
564.0        1
299.0        1
58.0         1
244.0        1
573.0        1
909.0        1
313.0        1
199.0        1
649.0        1
28.0         1
175.0        1
855.0        1
20.0         1
565.0        1
474.0        1
55.0         1
502.0        1
41.0         1
150.0        1
246.0        1
44.0         1
174.0        1
641.0        1
563.0        1
921.0        1
543.0        1
913.0        1
628.0        1
481.0        1
130.0        1
589.0        1
155.0        1
519.0        1
833.0        1
862.0        1
555.0        1
888.0        1
306.0        1
294.0        1
1007.0       1
10.0         1
570.0        1
271.0        1
324.0        1
593.0        1
66.0         1
524.0        1
523.0        1
194.0        1
508.0        1
932.0        1
316.0        1
39.0         1
835.0        1
143.0        1
775.0        1
578.0        1
334.0        1
901.0        1
978.0        1
286.0        1
326.0        1
872.0        1
852.0        1
822.0        1
534.0        1
186.0        1
192.0        1
322.0        1
490.0        1
501.0        1
207.0        1
116.0        1
21.0         1days_since_initial_visit_in_ldct
371.0     1145
842.0     1000
442.0      733
358.0      486
340.0      448
357.0      307
92.0       285
704.0      241
683.0      232
364.0      208
105.0      203
362.0      179
363.0      163
346.0      152
157.0      152
365.0      143
366.0      137
716.0      135
377.0      133
681.0      133
828.0      129
374.0      128
109.0      127
505.0      125
85.0       124
372.0      115
368.0      111
373.0      110
97.0       110
350.0      105
70.0       105
695.0      104
731.0      102
728.0       99
676.0       98
717.0       97
713.0       95
95.0        95
678.0       95
387.0       90
370.0       89
375.0       88
349.0       80
689.0       79
104.0       77
693.0       77
735.0       71
99.0        71
430.0       70
709.0       69
809.0       68
360.0       67
369.0       67
108.0       66
356.0       65
546.0       65
904.0       64
792.0       64
102.0       64
182.0       64
708.0       63
376.0       63
722.0       62
337.0       62
711.0       60
449.0       59
707.0       58
721.0       56
354.0       55
706.0       54
361.0       53
734.0       52
359.0       51
686.0       51
409.0       51
749.0       51
388.0       50
660.0       50
355.0       47
399.0       47
382.0       47
436.0       47
736.0       46
750.0       45
79.0        45
741.0       43
537.0       43
774.0       42
726.0       42
420.0       42
729.0       42
106.0       42
714.0       41
404.0       41
730.0       41
379.0       40
451.0       39
684.0       39
381.0       38
659.0       38
378.0       38
392.0       38
788.0       38
367.0       37
87.0        37
393.0       37
120.0       37
771.0       36
345.0       36
80.0        36
687.0       35
391.0       35
438.0       34
705.0       34
742.0       33
611.0       33
86.0        33
763.0       33
657.0       32
732.0       32
630.0       32
74.0        32
162.0       32
467.0       32
737.0       31
466.0       31
426.0       31
94.0        31
798.0       31
773.0       31
699.0       30
91.0        30
740.0       29
344.0       29
781.0       29
727.0       29
401.0       29
483.0       29
680.0       29
782.0       29
84.0        29
117.0       29
93.0        29
810.0       29
819.0       29
455.0       29
733.0       28
112.0       28
720.0       28
62.0        28
323.0       28
386.0       27
675.0       27
96.0        27
572.0       27
166.0       27
51.0        27
168.0       27
90.0        27
500.0       27
424.0       26
739.0       26
406.0       26
712.0       25
380.0       25
744.0       25
692.0       24
411.0       24
121.0       24
665.0       23
753.0       23
398.0       23
688.0       23
650.0       23
352.0       23
400.0       23
347.0       22
696.0       22
674.0       22
389.0       22
621.0       22
383.0       22
685.0       22
772.0       22
697.0       21
682.0       21
348.0       21
402.0       20
443.0       20
395.0       20
193.0       20
768.0       20
756.0       20
719.0       19
351.0       19
394.0       19
412.0       19
72.0        19
694.0       19
718.0       19
83.0        19
673.0       18
748.0       18
690.0       18
403.0       18
723.0       18
700.0       18
790.0       17
747.0       17
419.0       17
724.0       17
441.0       17
743.0       16
672.0       16
343.0       16
652.0       16
710.0       16
202.0       16
384.0       15
390.0       15
701.0       15
427.0       15
715.0       15
758.0       14
623.0       14
752.0       14
677.0       14
698.0       14
397.0       14
764.0       14
396.0       14
435.0       14
464.0       14
751.0       14
422.0       14
407.0       14
691.0       13
423.0       13
725.0       13
800.0       13
757.0       13
429.0       13
760.0       12
385.0       12
776.0       12
418.0       12
410.0       12
341.0       12
452.0       12
476.0       12
656.0       12
124.0       12
603.0       12
328.0       12
458.0       12
153.0       11
647.0       11
336.0       11
309.0       11
136.0       11
837.0       11
542.0       11
405.0       11
702.0       11
140.0       11
616.0       11
119.0       11
450.0       11
416.0       10
457.0       10
765.0       10
60.0        10
755.0       10
353.0       10
333.0       10
762.0       10
335.0       10
133.0       10
510.0       10
844.0       10
738.0       10
71.0        10
485.0       10
635.0       10
468.0       10
646.0       10
539.0       10
445.0       10
802.0       10
118.0       10
484.0       10
110.0       10
111.0       10
606.0       10
884.0       10
663.0        9
415.0        9
240.0        9
453.0        9
655.0        9
766.0        9
745.0        9
82.0         9
499.0        9
338.0        9
159.0        9
431.0        9
638.0        9
493.0        9
68.0         9
220.0        9
477.0        9
73.0         9
989.0        9
918.0        9
147.0        9
667.0        8
444.0        8
332.0        8
339.0        8
662.0        8
425.0        8
428.0        8
472.0        8
670.0        8
615.0        8
870.0        8
413.0        8
857.0        8
605.0        8
799.0        8
197.0        8
664.0        8
785.0        8
541.0        8
808.0        8
520.0        8
113.0        8
206.0        8
152.0        8
149.0        8
189.0        8
198.0        8
551.0        8
875.0        8
830.0        8
850.0        8
156.0        8
169.0        8
882.0        8
281.0        8
56.0         8
138.0        8
804.0        7
89.0         7
813.0        7
470.0        7
434.0        7
417.0        7
342.0        7
622.0        7
817.0        7
600.0        7
103.0        7
767.0        7
669.0        7
122.0        7
779.0        7
590.0        7
746.0        7
437.0        7
535.0        6
408.0        6
601.0        6
653.0        6
617.0        6
609.0        6
637.0        6
608.0        6
645.0        6
644.0        6
778.0        6
703.0        6
679.0        6
754.0        5
761.0        5
651.0        5
671.0        5
783.0        5
658.0        5
648.0        5
582.0        5
305.0        5
613.0        5
770.0        5
414.0        5
780.0        5
556.0        5
439.0        5
548.0        5
794.0        5
78.0         5
107.0        5
81.0         5
777.0        5
786.0        5
463.0        5
639.0        5
666.0        5
460.0        4
250.0        4
602.0        4
821.0        4
624.0        4
303.0        4
787.0        4
315.0        4
560.0        4
627.0        4
308.0        4
544.0        4
329.0        4
661.0        4
580.0        4
525.0        4
795.0        4
498.0        4
576.0        4
491.0        4
583.0        4
503.0        4
176.0        4
521.0        4
448.0        4
554.0        4
636.0        4
440.0        4
469.0        4
301.0        4
803.0        3
98.0         3
818.0        3
612.0        3
597.0        3
461.0        3
479.0        3
801.0        3
497.0        3
839.0        3
588.0        3
831.0        3
459.0        3
495.0        3
791.0        3
421.0        3
827.0        3
473.0        3
569.0        3
61.0         3
446.0        3
820.0        3
158.0        3
531.0        3
889.0        3
145.0        3
148.0        3
269.0        3
642.0        3
506.0        3
494.0        3
610.0        3
233.0        3
614.0        3
584.0        3
482.0        3
518.0        3
545.0        3
522.0        3
515.0        3
604.0        3
513.0        3
619.0        3
769.0        3
131.0        3
838.0        3
88.0         3
504.0        3
626.0        3
784.0        2
101.0        2
2.0          2
134.0        2
568.0        2
816.0        2
496.0        2
654.0        2
574.0        2
331.0        2
595.0        2
261.0        2
480.0        2
42.0         2
607.0        2
292.0        2
77.0         2
567.0        2
231.0        2
797.0        2
432.0        2
486.0        2
211.0        2
643.0        2
265.0        2
487.0        2
834.0        2
620.0        2
216.0        2
509.0        2
640.0        2
527.0        2
599.0        2
160.0        2
161.0        2
618.0        2
263.0        2
532.0        2
256.0        2
815.0        2
125.0        2
566.0        2
330.0        2
447.0        2
632.0        2
814.0        2
314.0        2
853.0        2
478.0        2
100.0        2
128.0        2
471.0        2
846.0        2
164.0        2
279.0        2
668.0        2
631.0        2
587.0        2
789.0        2
201.0        2
40.0         2
49.0         2
596.0        2
264.0        2
33.0         2
634.0        2
1.0          1
806.0        1
8.0          1
1049.0       1
227.0        1
997.0        1
824.0        1
854.0        1
905.0        1
1027.0       1
37.0         1
276.0        1
900.0        1
1403.0       1
949.0        1
914.0        1
205.0        1
462.0        1
1056.0       1
559.0        1
7.0          1
923.0        1
203.0        1
139.0        1
196.0        1
629.0        1
759.0        1
252.0        1
851.0        1
571.0        1
919.0        1
1079.0       1
867.0        1
861.0        1
987.0        1
191.0        1
849.0        1
52.0         1
210.0        1
575.0        1
214.0        1
898.0        1
321.0        1
302.0        1
625.0        1
319.0        1
67.0         1
236.0        1
906.0        1
564.0        1
299.0        1
58.0         1
244.0        1
573.0        1
909.0        1
313.0        1
199.0        1
649.0        1
28.0         1
175.0        1
855.0        1
20.0         1
565.0        1
474.0        1
55.0         1
502.0        1
41.0         1
150.0        1
246.0        1
44.0         1
174.0        1
641.0        1
563.0        1
921.0        1
543.0        1
913.0        1
628.0        1
481.0        1
130.0        1
589.0        1
155.0        1
519.0        1
833.0        1
862.0        1
555.0        1
888.0        1
306.0        1
294.0        1
1007.0       1
10.0         1
570.0        1
271.0        1
324.0        1
593.0        1
66.0         1
524.0        1
523.0        1
194.0        1
508.0        1
932.0        1
316.0        1
39.0         1
835.0        1
143.0        1
775.0        1
578.0        1
334.0        1
901.0        1
978.0        1
286.0        1
326.0        1
872.0        1
852.0        1
822.0        1
534.0        1
186.0        1
192.0        1
322.0        1
490.0        1
501.0        1
207.0        1
116.0        1
21.0         1days_since_initial_visit_in_ldct
371.0     1145
842.0     1000
442.0      733
358.0      486
340.0      448
357.0      307
92.0       285
704.0      241
683.0      232
364.0      208
105.0      203
362.0      179
363.0      163
346.0      152
157.0      152
365.0      143
366.0      137
716.0      135
377.0      133
681.0      133
828.0      129
374.0      128
109.0      127
505.0      125
85.0       124
372.0      115
368.0      111
373.0      110
97.0       110
350.0      105
70.0       105
695.0      104
731.0      102
728.0       99
676.0       98
717.0       97
713.0       95
95.0        95
678.0       95
387.0       90
370.0       89
375.0       88
349.0       80
689.0       79
104.0       77
693.0       77
735.0       71
99.0        71
430.0       70
709.0       69
809.0       68
360.0       67
369.0       67
108.0       66
356.0       65
546.0       65
904.0       64
792.0       64
102.0       64
182.0       64
708.0       63
376.0       63
722.0       62
337.0       62
711.0       60
449.0       59
707.0       58
721.0       56
354.0       55
706.0       54
361.0       53
734.0       52
359.0       51
686.0       51
409.0       51
749.0       51
388.0       50
660.0       50
355.0       47
399.0       47
382.0       47
436.0       47
736.0       46
750.0       45
79.0        45
741.0       43
537.0       43
774.0       42
726.0       42
420.0       42
729.0       42
106.0       42
714.0       41
404.0       41
730.0       41
379.0       40
451.0       39
684.0       39
381.0       38
659.0       38
378.0       38
392.0       38
788.0       38
367.0       37
87.0        37
393.0       37
120.0       37
771.0       36
345.0       36
80.0        36
687.0       35
391.0       35
438.0       34
705.0       34
742.0       33
611.0       33
86.0        33
763.0       33
657.0       32
732.0       32
630.0       32
74.0        32
162.0       32
467.0       32
737.0       31
466.0       31
426.0       31
94.0        31
798.0       31
773.0       31
699.0       30
91.0        30
740.0       29
344.0       29
781.0       29
727.0       29
401.0       29
483.0       29
680.0       29
782.0       29
84.0        29
117.0       29
93.0        29
810.0       29
819.0       29
455.0       29
733.0       28
112.0       28
720.0       28
62.0        28
323.0       28
386.0       27
675.0       27
96.0        27
572.0       27
166.0       27
51.0        27
168.0       27
90.0        27
500.0       27
424.0       26
739.0       26
406.0       26
712.0       25
380.0       25
744.0       25
692.0       24
411.0       24
121.0       24
665.0       23
753.0       23
398.0       23
688.0       23
650.0       23
352.0       23
400.0       23
347.0       22
696.0       22
674.0       22
389.0       22
621.0       22
383.0       22
685.0       22
772.0       22
697.0       21
682.0       21
348.0       21
402.0       20
443.0       20
395.0       20
193.0       20
768.0       20
756.0       20
719.0       19
351.0       19
394.0       19
412.0       19
72.0        19
694.0       19
718.0       19
83.0        19
673.0       18
748.0       18
690.0       18
403.0       18
723.0       18
700.0       18
790.0       17
747.0       17
419.0       17
724.0       17
441.0       17
743.0       16
672.0       16
343.0       16
652.0       16
710.0       16
202.0       16
384.0       15
390.0       15
701.0       15
427.0       15
715.0       15
758.0       14
623.0       14
752.0       14
677.0       14
698.0       14
397.0       14
764.0       14
396.0       14
435.0       14
464.0       14
751.0       14
422.0       14
407.0       14
691.0       13
423.0       13
725.0       13
800.0       13
757.0       13
429.0       13
760.0       12
385.0       12
776.0       12
418.0       12
410.0       12
341.0       12
452.0       12
476.0       12
656.0       12
124.0       12
603.0       12
328.0       12
458.0       12
153.0       11
647.0       11
336.0       11
309.0       11
136.0       11
837.0       11
542.0       11
405.0       11
702.0       11
140.0       11
616.0       11
119.0       11
450.0       11
416.0       10
457.0       10
765.0       10
60.0        10
755.0       10
353.0       10
333.0       10
762.0       10
335.0       10
133.0       10
510.0       10
844.0       10
738.0       10
71.0        10
485.0       10
635.0       10
468.0       10
646.0       10
539.0       10
445.0       10
802.0       10
118.0       10
484.0       10
110.0       10
111.0       10
606.0       10
884.0       10
663.0        9
415.0        9
240.0        9
453.0        9
655.0        9
766.0        9
745.0        9
82.0         9
499.0        9
338.0        9
159.0        9
431.0        9
638.0        9
493.0        9
68.0         9
220.0        9
477.0        9
73.0         9
989.0        9
918.0        9
147.0        9
667.0        8
444.0        8
332.0        8
339.0        8
662.0        8
425.0        8
428.0        8
472.0        8
670.0        8
615.0        8
870.0        8
413.0        8
857.0        8
605.0        8
799.0        8
197.0        8
664.0        8
785.0        8
541.0        8
808.0        8
520.0        8
113.0        8
206.0        8
152.0        8
149.0        8
189.0        8
198.0        8
551.0        8
875.0        8
830.0        8
850.0        8
156.0        8
169.0        8
882.0        8
281.0        8
56.0         8
138.0        8
804.0        7
89.0         7
813.0        7
470.0        7
434.0        7
417.0        7
342.0        7
622.0        7
817.0        7
600.0        7
103.0        7
767.0        7
669.0        7
122.0        7
779.0        7
590.0        7
746.0        7
437.0        7
535.0        6
408.0        6
601.0        6
653.0        6
617.0        6
609.0        6
637.0        6
608.0        6
645.0        6
644.0        6
778.0        6
703.0        6
679.0        6
754.0        5
761.0        5
651.0        5
671.0        5
783.0        5
658.0        5
648.0        5
582.0        5
305.0        5
613.0        5
770.0        5
414.0        5
780.0        5
556.0        5
439.0        5
548.0        5
794.0        5
78.0         5
107.0        5
81.0         5
777.0        5
786.0        5
463.0        5
639.0        5
666.0        5
460.0        4
250.0        4
602.0        4
821.0        4
624.0        4
303.0        4
787.0        4
315.0        4
560.0        4
627.0        4
308.0        4
544.0        4
329.0        4
661.0        4
580.0        4
525.0        4
795.0        4
498.0        4
576.0        4
491.0        4
583.0        4
503.0        4
176.0        4
521.0        4
448.0        4
554.0        4
636.0        4
440.0        4
469.0        4
301.0        4
803.0        3
98.0         3
818.0        3
612.0        3
597.0        3
461.0        3
479.0        3
801.0        3
497.0        3
839.0        3
588.0        3
831.0        3
459.0        3
495.0        3
791.0        3
421.0        3
827.0        3
473.0        3
569.0        3
61.0         3
446.0        3
820.0        3
158.0        3
531.0        3
889.0        3
145.0        3
148.0        3
269.0        3
642.0        3
506.0        3
494.0        3
610.0        3
233.0        3
614.0        3
584.0        3
482.0        3
518.0        3
545.0        3
522.0        3
515.0        3
604.0        3
513.0        3
619.0        3
769.0        3
131.0        3
838.0        3
88.0         3
504.0        3
626.0        3
784.0        2
101.0        2
2.0          2
134.0        2
568.0        2
816.0        2
496.0        2
654.0        2
574.0        2
331.0        2
595.0        2
261.0        2
480.0        2
42.0         2
607.0        2
292.0        2
77.0         2
567.0        2
231.0        2
797.0        2
432.0        2
486.0        2
211.0        2
643.0        2
265.0        2
487.0        2
834.0        2
620.0        2
216.0        2
509.0        2
640.0        2
527.0        2
599.0        2
160.0        2
161.0        2
618.0        2
263.0        2
532.0        2
256.0        2
815.0        2
125.0        2
566.0        2
330.0        2
447.0        2
632.0        2
814.0        2
314.0        2
853.0        2
478.0        2
100.0        2
128.0        2
471.0        2
846.0        2
164.0        2
279.0        2
668.0        2
631.0        2
587.0        2
789.0        2
201.0        2
40.0         2
49.0         2
596.0        2
264.0        2
33.0         2
634.0        2
1.0          1
806.0        1
8.0          1
1049.0       1
227.0        1
997.0        1
824.0        1
854.0        1
905.0        1
1027.0       1
37.0         1
276.0        1
900.0        1
1403.0       1
949.0        1
914.0        1
205.0        1
462.0        1
1056.0       1
559.0        1
7.0          1
923.0        1
203.0        1
139.0        1
196.0        1
629.0        1
759.0        1
252.0        1
851.0        1
571.0        1
919.0        1
1079.0       1
867.0        1
861.0        1
987.0        1
191.0        1
849.0        1
52.0         1
210.0        1
575.0        1
214.0        1
898.0        1
321.0        1
302.0        1
625.0        1
319.0        1
67.0         1
236.0        1
906.0        1
564.0        1
299.0        1
58.0         1
244.0        1
573.0        1
909.0        1
313.0        1
199.0        1
649.0        1
28.0         1
175.0        1
855.0        1
20.0         1
565.0        1
474.0        1
55.0         1
502.0        1
41.0         1
150.0        1
246.0        1
44.0         1
174.0        1
641.0        1
563.0        1
921.0        1
543.0        1
913.0        1
628.0        1
481.0        1
130.0        1
589.0        1
155.0        1
519.0        1
833.0        1
862.0        1
555.0        1
888.0        1
306.0        1
294.0        1
1007.0       1
10.0         1
570.0        1
271.0        1
324.0        1
593.0        1
66.0         1
524.0        1
523.0        1
194.0        1
508.0        1
932.0        1
316.0        1
39.0         1
835.0        1
143.0        1
775.0        1
578.0        1
334.0        1
901.0        1
978.0        1
286.0        1
326.0        1
872.0        1
852.0        1
822.0        1
534.0        1
186.0        1
192.0        1
322.0        1
490.0        1
501.0        1
207.0        1
116.0        1
21.0         1days_since_initial_visit_in_ldct
371.0     1145
842.0     1000
442.0      733
358.0      486
340.0      448
357.0      307
92.0       285
704.0      241
683.0      232
364.0      208
105.0      203
362.0      179
363.0      163
346.0      152
157.0      152
365.0      143
366.0      137
716.0      135
377.0      133
681.0      133
828.0      129
374.0      128
109.0      127
505.0      125
85.0       124
372.0      115
368.0      111
373.0      110
97.0       110
350.0      105
70.0       105
695.0      104
731.0      102
728.0       99
676.0       98
717.0       97
713.0       95
95.0        95
678.0       95
387.0       90
370.0       89
375.0       88
349.0       80
689.0       79
104.0       77
693.0       77
735.0       71
99.0        71
430.0       70
709.0       69
809.0       68
360.0       67
369.0       67
108.0       66
356.0       65
546.0       65
904.0       64
792.0       64
102.0       64
182.0       64
708.0       63
376.0       63
722.0       62
337.0       62
711.0       60
449.0       59
707.0       58
721.0       56
354.0       55
706.0       54
361.0       53
734.0       52
359.0       51
686.0       51
409.0       51
749.0       51
388.0       50
660.0       50
355.0       47
399.0       47
382.0       47
436.0       47
736.0       46
750.0       45
79.0        45
741.0       43
537.0       43
774.0       42
726.0       42
420.0       42
729.0       42
106.0       42
714.0       41
404.0       41
730.0       41
379.0       40
451.0       39
684.0       39
381.0       38
659.0       38
378.0       38
392.0       38
788.0       38
367.0       37
87.0        37
393.0       37
120.0       37
771.0       36
345.0       36
80.0        36
687.0       35
391.0       35
438.0       34
705.0       34
742.0       33
611.0       33
86.0        33
763.0       33
657.0       32
732.0       32
630.0       32
74.0        32
162.0       32
467.0       32
737.0       31
466.0       31
426.0       31
94.0        31
798.0       31
773.0       31
699.0       30
91.0        30
740.0       29
344.0       29
781.0       29
727.0       29
401.0       29
483.0       29
680.0       29
782.0       29
84.0        29
117.0       29
93.0        29
810.0       29
819.0       29
455.0       29
733.0       28
112.0       28
720.0       28
62.0        28
323.0       28
386.0       27
675.0       27
96.0        27
572.0       27
166.0       27
51.0        27
168.0       27
90.0        27
500.0       27
424.0       26
739.0       26
406.0       26
712.0       25
380.0       25
744.0       25
692.0       24
411.0       24
121.0       24
665.0       23
753.0       23
398.0       23
688.0       23
650.0       23
352.0       23
400.0       23
347.0       22
696.0       22
674.0       22
389.0       22
621.0       22
383.0       22
685.0       22
772.0       22
697.0       21
682.0       21
348.0       21
402.0       20
443.0       20
395.0       20
193.0       20
768.0       20
756.0       20
719.0       19
351.0       19
394.0       19
412.0       19
72.0        19
694.0       19
718.0       19
83.0        19
673.0       18
748.0       18
690.0       18
403.0       18
723.0       18
700.0       18
790.0       17
747.0       17
419.0       17
724.0       17
441.0       17
743.0       16
672.0       16
343.0       16
652.0       16
710.0       16
202.0       16
384.0       15
390.0       15
701.0       15
427.0       15
715.0       15
758.0       14
623.0       14
752.0       14
677.0       14
698.0       14
397.0       14
764.0       14
396.0       14
435.0       14
464.0       14
751.0       14
422.0       14
407.0       14
691.0       13
423.0       13
725.0       13
800.0       13
757.0       13
429.0       13
760.0       12
385.0       12
776.0       12
418.0       12
410.0       12
341.0       12
452.0       12
476.0       12
656.0       12
124.0       12
603.0       12
328.0       12
458.0       12
153.0       11
647.0       11
336.0       11
309.0       11
136.0       11
837.0       11
542.0       11
405.0       11
702.0       11
140.0       11
616.0       11
119.0       11
450.0       11
416.0       10
457.0       10
765.0       10
60.0        10
755.0       10
353.0       10
333.0       10
762.0       10
335.0       10
133.0       10
510.0       10
844.0       10
738.0       10
71.0        10
485.0       10
635.0       10
468.0       10
646.0       10
539.0       10
445.0       10
802.0       10
118.0       10
484.0       10
110.0       10
111.0       10
606.0       10
884.0       10
663.0        9
415.0        9
240.0        9
453.0        9
655.0        9
766.0        9
745.0        9
82.0         9
499.0        9
338.0        9
159.0        9
431.0        9
638.0        9
493.0        9
68.0         9
220.0        9
477.0        9
73.0         9
989.0        9
918.0        9
147.0        9
667.0        8
444.0        8
332.0        8
339.0        8
662.0        8
425.0        8
428.0        8
472.0        8
670.0        8
615.0        8
870.0        8
413.0        8
857.0        8
605.0        8
799.0        8
197.0        8
664.0        8
785.0        8
541.0        8
808.0        8
520.0        8
113.0        8
206.0        8
152.0        8
149.0        8
189.0        8
198.0        8
551.0        8
875.0        8
830.0        8
850.0        8
156.0        8
169.0        8
882.0        8
281.0        8
56.0         8
138.0        8
804.0        7
89.0         7
813.0        7
470.0        7
434.0        7
417.0        7
342.0        7
622.0        7
817.0        7
600.0        7
103.0        7
767.0        7
669.0        7
122.0        7
779.0        7
590.0        7
746.0        7
437.0        7
535.0        6
408.0        6
601.0        6
653.0        6
617.0        6
609.0        6
637.0        6
608.0        6
645.0        6
644.0        6
778.0        6
703.0        6
679.0        6
754.0        5
761.0        5
651.0        5
671.0        5
783.0        5
658.0        5
648.0        5
582.0        5
305.0        5
613.0        5
770.0        5
414.0        5
780.0        5
556.0        5
439.0        5
548.0        5
794.0        5
78.0         5
107.0        5
81.0         5
777.0        5
786.0        5
463.0        5
639.0        5
666.0        5
460.0        4
250.0        4
602.0        4
821.0        4
624.0        4
303.0        4
787.0        4
315.0        4
560.0        4
627.0        4
308.0        4
544.0        4
329.0        4
661.0        4
580.0        4
525.0        4
795.0        4
498.0        4
576.0        4
491.0        4
583.0        4
503.0        4
176.0        4
521.0        4
448.0        4
554.0        4
636.0        4
440.0        4
469.0        4
301.0        4
803.0        3
98.0         3
818.0        3
612.0        3
597.0        3
461.0        3
479.0        3
801.0        3
497.0        3
839.0        3
588.0        3
831.0        3
459.0        3
495.0        3
791.0        3
421.0        3
827.0        3
473.0        3
569.0        3
61.0         3
446.0        3
820.0        3
158.0        3
531.0        3
889.0        3
145.0        3
148.0        3
269.0        3
642.0        3
506.0        3
494.0        3
610.0        3
233.0        3
614.0        3
584.0        3
482.0        3
518.0        3
545.0        3
522.0        3
515.0        3
604.0        3
513.0        3
619.0        3
769.0        3
131.0        3
838.0        3
88.0         3
504.0        3
626.0        3
784.0        2
101.0        2
2.0          2
134.0        2
568.0        2
816.0        2
496.0        2
654.0        2
574.0        2
331.0        2
595.0        2
261.0        2
480.0        2
42.0         2
607.0        2
292.0        2
77.0         2
567.0        2
231.0        2
797.0        2
432.0        2
486.0        2
211.0        2
643.0        2
265.0        2
487.0        2
834.0        2
620.0        2
216.0        2
509.0        2
640.0        2
527.0        2
599.0        2
160.0        2
161.0        2
618.0        2
263.0        2
532.0        2
256.0        2
815.0        2
125.0        2
566.0        2
330.0        2
447.0        2
632.0        2
814.0        2
314.0        2
853.0        2
478.0        2
100.0        2
128.0        2
471.0        2
846.0        2
164.0        2
279.0        2
668.0        2
631.0        2
587.0        2
789.0        2
201.0        2
40.0         2
49.0         2
596.0        2
264.0        2
33.0         2
634.0        2
1.0          1
806.0        1
8.0          1
1049.0       1
227.0        1
997.0        1
824.0        1
854.0        1
905.0        1
1027.0       1
37.0         1
276.0        1
900.0        1
1403.0       1
949.0        1
914.0        1
205.0        1
462.0        1
1056.0       1
559.0        1
7.0          1
923.0        1
203.0        1
139.0        1
196.0        1
629.0        1
759.0        1
252.0        1
851.0        1
571.0        1
919.0        1
1079.0       1
867.0        1
861.0        1
987.0        1
191.0        1
849.0        1
52.0         1
210.0        1
575.0        1
214.0        1
898.0        1
321.0        1
302.0        1
625.0        1
319.0        1
67.0         1
236.0        1
906.0        1
564.0        1
299.0        1
58.0         1
244.0        1
573.0        1
909.0        1
313.0        1
199.0        1
649.0        1
28.0         1
175.0        1
855.0        1
20.0         1
565.0        1
474.0        1
55.0         1
502.0        1
41.0         1
150.0        1
246.0        1
44.0         1
174.0        1
641.0        1
563.0        1
921.0        1
543.0        1
913.0        1
628.0        1
481.0        1
130.0        1
589.0        1
155.0        1
519.0        1
833.0        1
862.0        1
555.0        1
888.0        1
306.0        1
294.0        1
1007.0       1
10.0         1
570.0        1
271.0        1
324.0        1
593.0        1
66.0         1
524.0        1
523.0        1
194.0        1
508.0        1
932.0        1
316.0        1
39.0         1
835.0        1
143.0        1
775.0        1
578.0        1
334.0        1
901.0        1
978.0        1
286.0        1
326.0        1
872.0        1
852.0        1
822.0        1
534.0        1
186.0        1
192.0        1
322.0        1
490.0        1
501.0        1
207.0        1
116.0        1
21.0         1days_since_initial_visit_in_ldct
371.0     1145
842.0     1000
442.0      733
358.0      486
340.0      448
357.0      307
92.0       285
704.0      241
683.0      232
364.0      208
105.0      203
362.0      179
363.0      163
346.0      152
157.0      152
365.0      143
366.0      137
716.0      135
377.0      133
681.0      133
828.0      129
374.0      128
109.0      127
505.0      125
85.0       124
372.0      115
368.0      111
373.0      110
97.0       110
350.0      105
70.0       105
695.0      104
731.0      102
728.0       99
676.0       98
717.0       97
713.0       95
95.0        95
678.0       95
387.0       90
370.0       89
375.0       88
349.0       80
689.0       79
104.0       77
693.0       77
735.0       71
99.0        71
430.0       70
709.0       69
809.0       68
360.0       67
369.0       67
108.0       66
356.0       65
546.0       65
904.0       64
792.0       64
102.0       64
182.0       64
708.0       63
376.0       63
722.0       62
337.0       62
711.0       60
449.0       59
707.0       58
721.0       56
354.0       55
706.0       54
361.0       53
734.0       52
359.0       51
686.0       51
409.0       51
749.0       51
388.0       50
660.0       50
355.0       47
399.0       47
382.0       47
436.0       47
736.0       46
750.0       45
79.0        45
741.0       43
537.0       43
774.0       42
726.0       42
420.0       42
729.0       42
106.0       42
714.0       41
404.0       41
730.0       41
379.0       40
451.0       39
684.0       39
381.0       38
659.0       38
378.0       38
392.0       38
788.0       38
367.0       37
87.0        37
393.0       37
120.0       37
771.0       36
345.0       36
80.0        36
687.0       35
391.0       35
438.0       34
705.0       34
742.0       33
611.0       33
86.0        33
763.0       33
657.0       32
732.0       32
630.0       32
74.0        32
162.0       32
467.0       32
737.0       31
466.0       31
426.0       31
94.0        31
798.0       31
773.0       31
699.0       30
91.0        30
740.0       29
344.0       29
781.0       29
727.0       29
401.0       29
483.0       29
680.0       29
782.0       29
84.0        29
117.0       29
93.0        29
810.0       29
819.0       29
455.0       29
733.0       28
112.0       28
720.0       28
62.0        28
323.0       28
386.0       27
675.0       27
96.0        27
572.0       27
166.0       27
51.0        27
168.0       27
90.0        27
500.0       27
424.0       26
739.0       26
406.0       26
712.0       25
380.0       25
744.0       25
692.0       24
411.0       24
121.0       24
665.0       23
753.0       23
398.0       23
688.0       23
650.0       23
352.0       23
400.0       23
347.0       22
696.0       22
674.0       22
389.0       22
621.0       22
383.0       22
685.0       22
772.0       22
697.0       21
682.0       21
348.0       21
402.0       20
443.0       20
395.0       20
193.0       20
768.0       20
756.0       20
719.0       19
351.0       19
394.0       19
412.0       19
72.0        19
694.0       19
718.0       19
83.0        19
673.0       18
748.0       18
690.0       18
403.0       18
723.0       18
700.0       18
790.0       17
747.0       17
419.0       17
724.0       17
441.0       17
743.0       16
672.0       16
343.0       16
652.0       16
710.0       16
202.0       16
384.0       15
390.0       15
701.0       15
427.0       15
715.0       15
758.0       14
623.0       14
752.0       14
677.0       14
698.0       14
397.0       14
764.0       14
396.0       14
435.0       14
464.0       14
751.0       14
422.0       14
407.0       14
691.0       13
423.0       13
725.0       13
800.0       13
757.0       13
429.0       13
760.0       12
385.0       12
776.0       12
418.0       12
410.0       12
341.0       12
452.0       12
476.0       12
656.0       12
124.0       12
603.0       12
328.0       12
458.0       12
153.0       11
647.0       11
336.0       11
309.0       11
136.0       11
837.0       11
542.0       11
405.0       11
702.0       11
140.0       11
616.0       11
119.0       11
450.0       11
416.0       10
457.0       10
765.0       10
60.0        10
755.0       10
353.0       10
333.0       10
762.0       10
335.0       10
133.0       10
510.0       10
844.0       10
738.0       10
71.0        10
485.0       10
635.0       10
468.0       10
646.0       10
539.0       10
445.0       10
802.0       10
118.0       10
484.0       10
110.0       10
111.0       10
606.0       10
884.0       10
663.0        9
415.0        9
240.0        9
453.0        9
655.0        9
766.0        9
745.0        9
82.0         9
499.0        9
338.0        9
159.0        9
431.0        9
638.0        9
493.0        9
68.0         9
220.0        9
477.0        9
73.0         9
989.0        9
918.0        9
147.0        9
667.0        8
444.0        8
332.0        8
339.0        8
662.0        8
425.0        8
428.0        8
472.0        8
670.0        8
615.0        8
870.0        8
413.0        8
857.0        8
605.0        8
799.0        8
197.0        8
664.0        8
785.0        8
541.0        8
808.0        8
520.0        8
113.0        8
206.0        8
152.0        8
149.0        8
189.0        8
198.0        8
551.0        8
875.0        8
830.0        8
850.0        8
156.0        8
169.0        8
882.0        8
281.0        8
56.0         8
138.0        8
804.0        7
89.0         7
813.0        7
470.0        7
434.0        7
417.0        7
342.0        7
622.0        7
817.0        7
600.0        7
103.0        7
767.0        7
669.0        7
122.0        7
779.0        7
590.0        7
746.0        7
437.0        7
535.0        6
408.0        6
601.0        6
653.0        6
617.0        6
609.0        6
637.0        6
608.0        6
645.0        6
644.0        6
778.0        6
703.0        6
679.0        6
754.0        5
761.0        5
651.0        5
671.0        5
783.0        5
658.0        5
648.0        5
582.0        5
305.0        5
613.0        5
770.0        5
414.0        5
780.0        5
556.0        5
439.0        5
548.0        5
794.0        5
78.0         5
107.0        5
81.0         5
777.0        5
786.0        5
463.0        5
639.0        5
666.0        5
460.0        4
250.0        4
602.0        4
821.0        4
624.0        4
303.0        4
787.0        4
315.0        4
560.0        4
627.0        4
308.0        4
544.0        4
329.0        4
661.0        4
580.0        4
525.0        4
795.0        4
498.0        4
576.0        4
491.0        4
583.0        4
503.0        4
176.0        4
521.0        4
448.0        4
554.0        4
636.0        4
440.0        4
469.0        4
301.0        4
803.0        3
98.0         3
818.0        3
612.0        3
597.0        3
461.0        3
479.0        3
801.0        3
497.0        3
839.0        3
588.0        3
831.0        3
459.0        3
495.0        3
791.0        3
421.0        3
827.0        3
473.0        3
569.0        3
61.0         3
446.0        3
820.0        3
158.0        3
531.0        3
889.0        3
145.0        3
148.0        3
269.0        3
642.0        3
506.0        3
494.0        3
610.0        3
233.0        3
614.0        3
584.0        3
482.0        3
518.0        3
545.0        3
522.0        3
515.0        3
604.0        3
513.0        3
619.0        3
769.0        3
131.0        3
838.0        3
88.0         3
504.0        3
626.0        3
784.0        2
101.0        2
2.0          2
134.0        2
568.0        2
816.0        2
496.0        2
654.0        2
574.0        2
331.0        2
595.0        2
261.0        2
480.0        2
42.0         2
607.0        2
292.0        2
77.0         2
567.0        2
231.0        2
797.0        2
432.0        2
486.0        2
211.0        2
643.0        2
265.0        2
487.0        2
834.0        2
620.0        2
216.0        2
509.0        2
640.0        2
527.0        2
599.0        2
160.0        2
161.0        2
618.0        2
263.0        2
532.0        2
256.0        2
815.0        2
125.0        2
566.0        2
330.0        2
447.0        2
632.0        2
814.0        2
314.0        2
853.0        2
478.0        2
100.0        2
128.0        2
471.0        2
846.0        2
164.0        2
279.0        2
668.0        2
631.0        2
587.0        2
789.0        2
201.0        2
40.0         2
49.0         2
596.0        2
264.0        2
33.0         2
634.0        2
1.0          1
806.0        1
8.0          1
1049.0       1
227.0        1
997.0        1
824.0        1
854.0        1
905.0        1
1027.0       1
37.0         1
276.0        1
900.0        1
1403.0       1
949.0        1
914.0        1
205.0        1
462.0        1
1056.0       1
559.0        1
7.0          1
923.0        1
203.0        1
139.0        1
196.0        1
629.0        1
759.0        1
252.0        1
851.0        1
571.0        1
919.0        1
1079.0       1
867.0        1
861.0        1
987.0        1
191.0        1
849.0        1
52.0         1
210.0        1
575.0        1
214.0        1
898.0        1
321.0        1
302.0        1
625.0        1
319.0        1
67.0         1
236.0        1
906.0        1
564.0        1
299.0        1
58.0         1
244.0        1
573.0        1
909.0        1
313.0        1
199.0        1
649.0        1
28.0         1
175.0        1
855.0        1
20.0         1
565.0        1
474.0        1
55.0         1
502.0        1
41.0         1
150.0        1
246.0        1
44.0         1
174.0        1
641.0        1
563.0        1
921.0        1
543.0        1
913.0        1
628.0        1
481.0        1
130.0        1
589.0        1
155.0        1
519.0        1
833.0        1
862.0        1
555.0        1
888.0        1
306.0        1
294.0        1
1007.0       1
10.0         1
570.0        1
271.0        1
324.0        1
593.0        1
66.0         1
524.0        1
523.0        1
194.0        1
508.0        1
932.0        1
316.0        1
39.0         1
835.0        1
143.0        1
775.0        1
578.0        1
334.0        1
901.0        1
978.0        1
286.0        1
326.0        1
872.0        1
852.0        1
822.0        1
534.0        1
186.0        1
192.0        1
322.0        1
490.0        1
501.0        1
207.0        1
116.0        1
21.0         1days_since_initial_visit_in_ldct
371.0     1145
842.0     1000
442.0      733
358.0      486
340.0      448
357.0      307
92.0       285
704.0      241
683.0      232
364.0      208
105.0      203
362.0      179
363.0      163
346.0      152
157.0      152
365.0      143
366.0      137
716.0      135
377.0      133
681.0      133
828.0      129
374.0      128
109.0      127
505.0      125
85.0       124
372.0      115
368.0      111
373.0      110
97.0       110
350.0      105
70.0       105
695.0      104
731.0      102
728.0       99
676.0       98
717.0       97
713.0       95
95.0        95
678.0       95
387.0       90
370.0       89
375.0       88
349.0       80
689.0       79
104.0       77
693.0       77
735.0       71
99.0        71
430.0       70
709.0       69
809.0       68
360.0       67
369.0       67
108.0       66
356.0       65
546.0       65
904.0       64
792.0       64
102.0       64
182.0       64
708.0       63
376.0       63
722.0       62
337.0       62
711.0       60
449.0       59
707.0       58
721.0       56
354.0       55
706.0       54
361.0       53
734.0       52
359.0       51
686.0       51
409.0       51
749.0       51
388.0       50
660.0       50
355.0       47
399.0       47
382.0       47
436.0       47
736.0       46
750.0       45
79.0        45
741.0       43
537.0       43
774.0       42
726.0       42
420.0       42
729.0       42
106.0       42
714.0       41
404.0       41
730.0       41
379.0       40
451.0       39
684.0       39
381.0       38
659.0       38
378.0       38
392.0       38
788.0       38
367.0       37
87.0        37
393.0       37
120.0       37
771.0       36
345.0       36
80.0        36
687.0       35
391.0       35
438.0       34
705.0       34
742.0       33
611.0       33
86.0        33
763.0       33
657.0       32
732.0       32
630.0       32
74.0        32
162.0       32
467.0       32
737.0       31
466.0       31
426.0       31
94.0        31
798.0       31
773.0       31
699.0       30
91.0        30
740.0       29
344.0       29
781.0       29
727.0       29
401.0       29
483.0       29
680.0       29
782.0       29
84.0        29
117.0       29
93.0        29
810.0       29
819.0       29
455.0       29
733.0       28
112.0       28
720.0       28
62.0        28
323.0       28
386.0       27
675.0       27
96.0        27
572.0       27
166.0       27
51.0        27
168.0       27
90.0        27
500.0       27
424.0       26
739.0       26
406.0       26
712.0       25
380.0       25
744.0       25
692.0       24
411.0       24
121.0       24
665.0       23
753.0       23
398.0       23
688.0       23
650.0       23
352.0       23
400.0       23
347.0       22
696.0       22
674.0       22
389.0       22
621.0       22
383.0       22
685.0       22
772.0       22
697.0       21
682.0       21
348.0       21
402.0       20
443.0       20
395.0       20
193.0       20
768.0       20
756.0       20
719.0       19
351.0       19
394.0       19
412.0       19
72.0        19
694.0       19
718.0       19
83.0        19
673.0       18
748.0       18
690.0       18
403.0       18
723.0       18
700.0       18
790.0       17
747.0       17
419.0       17
724.0       17
441.0       17
743.0       16
672.0       16
343.0       16
652.0       16
710.0       16
202.0       16
384.0       15
390.0       15
701.0       15
427.0       15
715.0       15
758.0       14
623.0       14
752.0       14
677.0       14
698.0       14
397.0       14
764.0       14
396.0       14
435.0       14
464.0       14
751.0       14
422.0       14
407.0       14
691.0       13
423.0       13
725.0       13
800.0       13
757.0       13
429.0       13
760.0       12
385.0       12
776.0       12
418.0       12
410.0       12
341.0       12
452.0       12
476.0       12
656.0       12
124.0       12
603.0       12
328.0       12
458.0       12
153.0       11
647.0       11
336.0       11
309.0       11
136.0       11
837.0       11
542.0       11
405.0       11
702.0       11
140.0       11
616.0       11
119.0       11
450.0       11
416.0       10
457.0       10
765.0       10
60.0        10
755.0       10
353.0       10
333.0       10
762.0       10
335.0       10
133.0       10
510.0       10
844.0       10
738.0       10
71.0        10
485.0       10
635.0       10
468.0       10
646.0       10
539.0       10
445.0       10
802.0       10
118.0       10
484.0       10
110.0       10
111.0       10
606.0       10
884.0       10
663.0        9
415.0        9
240.0        9
453.0        9
655.0        9
766.0        9
745.0        9
82.0         9
499.0        9
338.0        9
159.0        9
431.0        9
638.0        9
493.0        9
68.0         9
220.0        9
477.0        9
73.0         9
989.0        9
918.0        9
147.0        9
667.0        8
444.0        8
332.0        8
339.0        8
662.0        8
425.0        8
428.0        8
472.0        8
670.0        8
615.0        8
870.0        8
413.0        8
857.0        8
605.0        8
799.0        8
197.0        8
664.0        8
785.0        8
541.0        8
808.0        8
520.0        8
113.0        8
206.0        8
152.0        8
149.0        8
189.0        8
198.0        8
551.0        8
875.0        8
830.0        8
850.0        8
156.0        8
169.0        8
882.0        8
281.0        8
56.0         8
138.0        8
804.0        7
89.0         7
813.0        7
470.0        7
434.0        7
417.0        7
342.0        7
622.0        7
817.0        7
600.0        7
103.0        7
767.0        7
669.0        7
122.0        7
779.0        7
590.0        7
746.0        7
437.0        7
535.0        6
408.0        6
601.0        6
653.0        6
617.0        6
609.0        6
637.0        6
608.0        6
645.0        6
644.0        6
778.0        6
703.0        6
679.0        6
754.0        5
761.0        5
651.0        5
671.0        5
783.0        5
658.0        5
648.0        5
582.0        5
305.0        5
613.0        5
770.0        5
414.0        5
780.0        5
556.0        5
439.0        5
548.0        5
794.0        5
78.0         5
107.0        5
81.0         5
777.0        5
786.0        5
463.0        5
639.0        5
666.0        5
460.0        4
250.0        4
602.0        4
821.0        4
624.0        4
303.0        4
787.0        4
315.0        4
560.0        4
627.0        4
308.0        4
544.0        4
329.0        4
661.0        4
580.0        4
525.0        4
795.0        4
498.0        4
576.0        4
491.0        4
583.0        4
503.0        4
176.0        4
521.0        4
448.0        4
554.0        4
636.0        4
440.0        4
469.0        4
301.0        4
803.0        3
98.0         3
818.0        3
612.0        3
597.0        3
461.0        3
479.0        3
801.0        3
497.0        3
839.0        3
588.0        3
831.0        3
459.0        3
495.0        3
791.0        3
421.0        3
827.0        3
473.0        3
569.0        3
61.0         3
446.0        3
820.0        3
158.0        3
531.0        3
889.0        3
145.0        3
148.0        3
269.0        3
642.0        3
506.0        3
494.0        3
610.0        3
233.0        3
614.0        3
584.0        3
482.0        3
518.0        3
545.0        3
522.0        3
515.0        3
604.0        3
513.0        3
619.0        3
769.0        3
131.0        3
838.0        3
88.0         3
504.0        3
626.0        3
784.0        2
101.0        2
2.0          2
134.0        2
568.0        2
816.0        2
496.0        2
654.0        2
574.0        2
331.0        2
595.0        2
261.0        2
480.0        2
42.0         2
607.0        2
292.0        2
77.0         2
567.0        2
231.0        2
797.0        2
432.0        2
486.0        2
211.0        2
643.0        2
265.0        2
487.0        2
834.0        2
620.0        2
216.0        2
509.0        2
640.0        2
527.0        2
599.0        2
160.0        2
161.0        2
618.0        2
263.0        2
532.0        2
256.0        2
815.0        2
125.0        2
566.0        2
330.0        2
447.0        2
632.0        2
814.0        2
314.0        2
853.0        2
478.0        2
100.0        2
128.0        2
471.0        2
846.0        2
164.0        2
279.0        2
668.0        2
631.0        2
587.0        2
789.0        2
201.0        2
40.0         2
49.0         2
596.0        2
264.0        2
33.0         2
634.0        2
1.0          1
806.0        1
8.0          1
1049.0       1
227.0        1
997.0        1
824.0        1
854.0        1
905.0        1
1027.0       1
37.0         1
276.0        1
900.0        1
1403.0       1
949.0        1
914.0        1
205.0        1
462.0        1
1056.0       1
559.0        1
7.0          1
923.0        1
203.0        1
139.0        1
196.0        1
629.0        1
759.0        1
252.0        1
851.0        1
571.0        1
919.0        1
1079.0       1
867.0        1
861.0        1
987.0        1
191.0        1
849.0        1
52.0         1
210.0        1
575.0        1
214.0        1
898.0        1
321.0        1
302.0        1
625.0        1
319.0        1
67.0         1
236.0        1
906.0        1
564.0        1
299.0        1
58.0         1
244.0        1
573.0        1
909.0        1
313.0        1
199.0        1
649.0        1
28.0         1
175.0        1
855.0        1
20.0         1
565.0        1
474.0        1
55.0         1
502.0        1
41.0         1
150.0        1
246.0        1
44.0         1
174.0        1
641.0        1
563.0        1
921.0        1
543.0        1
913.0        1
628.0        1
481.0        1
130.0        1
589.0        1
155.0        1
519.0        1
833.0        1
862.0        1
555.0        1
888.0        1
306.0        1
294.0        1
1007.0       1
10.0         1
570.0        1
271.0        1
324.0        1
593.0        1
66.0         1
524.0        1
523.0        1
194.0        1
508.0        1
932.0        1
316.0        1
39.0         1
835.0        1
143.0        1
775.0        1
578.0        1
334.0        1
901.0        1
978.0        1
286.0        1
326.0        1
872.0        1
852.0        1
822.0        1
534.0        1
186.0        1
192.0        1
322.0        1
490.0        1
501.0        1
207.0        1
116.0        1
21.0         1days_since_initial_visit_in_ldct
371.0     1145
842.0     1000
442.0      733
358.0      486
340.0      448
357.0      307
92.0       285
704.0      241
683.0      232
364.0      208
105.0      203
362.0      179
363.0      163
346.0      152
157.0      152
365.0      143
366.0      137
716.0      135
377.0      133
681.0      133
828.0      129
374.0      128
109.0      127
505.0      125
85.0       124
372.0      115
368.0      111
373.0      110
97.0       110
350.0      105
70.0       105
695.0      104
731.0      102
728.0       99
676.0       98
717.0       97
713.0       95
95.0        95
678.0       95
387.0       90
370.0       89
375.0       88
349.0       80
689.0       79
104.0       77
693.0       77
735.0       71
99.0        71
430.0       70
709.0       69
809.0       68
360.0       67
369.0       67
108.0       66
356.0       65
546.0       65
904.0       64
792.0       64
102.0       64
182.0       64
708.0       63
376.0       63
722.0       62
337.0       62
711.0       60
449.0       59
707.0       58
721.0       56
354.0       55
706.0       54
361.0       53
734.0       52
359.0       51
686.0       51
409.0       51
749.0       51
388.0       50
660.0       50
355.0       47
399.0       47
382.0       47
436.0       47
736.0       46
750.0       45
79.0        45
741.0       43
537.0       43
774.0       42
726.0       42
420.0       42
729.0       42
106.0       42
714.0       41
404.0       41
730.0       41
379.0       40
451.0       39
684.0       39
381.0       38
659.0       38
378.0       38
392.0       38
788.0       38
367.0       37
87.0        37
393.0       37
120.0       37
771.0       36
345.0       36
80.0        36
687.0       35
391.0       35
438.0       34
705.0       34
742.0       33
611.0       33
86.0        33
763.0       33
657.0       32
732.0       32
630.0       32
74.0        32
162.0       32
467.0       32
737.0       31
466.0       31
426.0       31
94.0        31
798.0       31
773.0       31
699.0       30
91.0        30
740.0       29
344.0       29
781.0       29
727.0       29
401.0       29
483.0       29
680.0       29
782.0       29
84.0        29
117.0       29
93.0        29
810.0       29
819.0       29
455.0       29
733.0       28
112.0       28
720.0       28
62.0        28
323.0       28
386.0       27
675.0       27
96.0        27
572.0       27
166.0       27
51.0        27
168.0       27
90.0        27
500.0       27
424.0       26
739.0       26
406.0       26
712.0       25
380.0       25
744.0       25
692.0       24
411.0       24
121.0       24
665.0       23
753.0       23
398.0       23
688.0       23
650.0       23
352.0       23
400.0       23
347.0       22
696.0       22
674.0       22
389.0       22
621.0       22
383.0       22
685.0       22
772.0       22
697.0       21
682.0       21
348.0       21
402.0       20
443.0       20
395.0       20
193.0       20
768.0       20
756.0       20
719.0       19
351.0       19
394.0       19
412.0       19
72.0        19
694.0       19
718.0       19
83.0        19
673.0       18
748.0       18
690.0       18
403.0       18
723.0       18
700.0       18
790.0       17
747.0       17
419.0       17
724.0       17
441.0       17
743.0       16
672.0       16
343.0       16
652.0       16
710.0       16
202.0       16
384.0       15
390.0       15
701.0       15
427.0       15
715.0       15
758.0       14
623.0       14
752.0       14
677.0       14
698.0       14
397.0       14
764.0       14
396.0       14
435.0       14
464.0       14
751.0       14
422.0       14
407.0       14
691.0       13
423.0       13
725.0       13
800.0       13
757.0       13
429.0       13
760.0       12
385.0       12
776.0       12
418.0       12
410.0       12
341.0       12
452.0       12
476.0       12
656.0       12
124.0       12
603.0       12
328.0       12
458.0       12
153.0       11
647.0       11
336.0       11
309.0       11
136.0       11
837.0       11
542.0       11
405.0       11
702.0       11
140.0       11
616.0       11
119.0       11
450.0       11
416.0       10
457.0       10
765.0       10
60.0        10
755.0       10
353.0       10
333.0       10
762.0       10
335.0       10
133.0       10
510.0       10
844.0       10
738.0       10
71.0        10
485.0       10
635.0       10
468.0       10
646.0       10
539.0       10
445.0       10
802.0       10
118.0       10
484.0       10
110.0       10
111.0       10
606.0       10
884.0       10
663.0        9
415.0        9
240.0        9
453.0        9
655.0        9
766.0        9
745.0        9
82.0         9
499.0        9
338.0        9
159.0        9
431.0        9
638.0        9
493.0        9
68.0         9
220.0        9
477.0        9
73.0         9
989.0        9
918.0        9
147.0        9
667.0        8
444.0        8
332.0        8
339.0        8
662.0        8
425.0        8
428.0        8
472.0        8
670.0        8
615.0        8
870.0        8
413.0        8
857.0        8
605.0        8
799.0        8
197.0        8
664.0        8
785.0        8
541.0        8
808.0        8
520.0        8
113.0        8
206.0        8
152.0        8
149.0        8
189.0        8
198.0        8
551.0        8
875.0        8
830.0        8
850.0        8
156.0        8
169.0        8
882.0        8
281.0        8
56.0         8
138.0        8
804.0        7
89.0         7
813.0        7
470.0        7
434.0        7
417.0        7
342.0        7
622.0        7
817.0        7
600.0        7
103.0        7
767.0        7
669.0        7
122.0        7
779.0        7
590.0        7
746.0        7
437.0        7
535.0        6
408.0        6
601.0        6
653.0        6
617.0        6
609.0        6
637.0        6
608.0        6
645.0        6
644.0        6
778.0        6
703.0        6
679.0        6
754.0        5
761.0        5
651.0        5
671.0        5
783.0        5
658.0        5
648.0        5
582.0        5
305.0        5
613.0        5
770.0        5
414.0        5
780.0        5
556.0        5
439.0        5
548.0        5
794.0        5
78.0         5
107.0        5
81.0         5
777.0        5
786.0        5
463.0        5
639.0        5
666.0        5
460.0        4
250.0        4
602.0        4
821.0        4
624.0        4
303.0        4
787.0        4
315.0        4
560.0        4
627.0        4
308.0        4
544.0        4
329.0        4
661.0        4
580.0        4
525.0        4
795.0        4
498.0        4
576.0        4
491.0        4
583.0        4
503.0        4
176.0        4
521.0        4
448.0        4
554.0        4
636.0        4
440.0        4
469.0        4
301.0        4
803.0        3
98.0         3
818.0        3
612.0        3
597.0        3
461.0        3
479.0        3
801.0        3
497.0        3
839.0        3
588.0        3
831.0        3
459.0        3
495.0        3
791.0        3
421.0        3
827.0        3
473.0        3
569.0        3
61.0         3
446.0        3
820.0        3
158.0        3
531.0        3
889.0        3
145.0        3
148.0        3
269.0        3
642.0        3
506.0        3
494.0        3
610.0        3
233.0        3
614.0        3
584.0        3
482.0        3
518.0        3
545.0        3
522.0        3
515.0        3
604.0        3
513.0        3
619.0        3
769.0        3
131.0        3
838.0        3
88.0         3
504.0        3
626.0        3
784.0        2
101.0        2
2.0          2
134.0        2
568.0        2
816.0        2
496.0        2
654.0        2
574.0        2
331.0        2
595.0        2
261.0        2
480.0        2
42.0         2
607.0        2
292.0        2
77.0         2
567.0        2
231.0        2
797.0        2
432.0        2
486.0        2
211.0        2
643.0        2
265.0        2
487.0        2
834.0        2
620.0        2
216.0        2
509.0        2
640.0        2
527.0        2
599.0        2
160.0        2
161.0        2
618.0        2
263.0        2
532.0        2
256.0        2
815.0        2
125.0        2
566.0        2
330.0        2
447.0        2
632.0        2
814.0        2
314.0        2
853.0        2
478.0        2
100.0        2
128.0        2
471.0        2
846.0        2
164.0        2
279.0        2
668.0        2
631.0        2
587.0        2
789.0        2
201.0        2
40.0         2
49.0         2
596.0        2
264.0        2
33.0         2
634.0        2
1.0          1
806.0        1
8.0          1
1049.0       1
227.0        1
997.0        1
824.0        1
854.0        1
905.0        1
1027.0       1
37.0         1
276.0        1
900.0        1
1403.0       1
949.0        1
914.0        1
205.0        1
462.0        1
1056.0       1
559.0        1
7.0          1
923.0        1
203.0        1
139.0        1
196.0        1
629.0        1
759.0        1
252.0        1
851.0        1
571.0        1
919.0        1
1079.0       1
867.0        1
861.0        1
987.0        1
191.0        1
849.0        1
52.0         1
210.0        1
575.0        1
214.0        1
898.0        1
321.0        1
302.0        1
625.0        1
319.0        1
67.0         1
236.0        1
906.0        1
564.0        1
299.0        1
58.0         1
244.0        1
573.0        1
909.0        1
313.0        1
199.0        1
649.0        1
28.0         1
175.0        1
855.0        1
20.0         1
565.0        1
474.0        1
55.0         1
502.0        1
41.0         1
150.0        1
246.0        1
44.0         1
174.0        1
641.0        1
563.0        1
921.0        1
543.0        1
913.0        1
628.0        1
481.0        1
130.0        1
589.0        1
155.0        1
519.0        1
833.0        1
862.0        1
555.0        1
888.0        1
306.0        1
294.0        1
1007.0       1
10.0         1
570.0        1
271.0        1
324.0        1
593.0        1
66.0         1
524.0        1
523.0        1
194.0        1
508.0        1
932.0        1
316.0        1
39.0         1
835.0        1
143.0        1
775.0        1
578.0        1
334.0        1
901.0        1
978.0        1
286.0        1
326.0        1
872.0        1
852.0        1
822.0        1
534.0        1
186.0        1
192.0        1
322.0        1
490.0        1
501.0        1
207.0        1
116.0        1
21.0         1days_since_initial_visit_in_ldct
371.0     1145
842.0     1000
442.0      733
358.0      486
340.0      448
357.0      307
92.0       285
704.0      241
683.0      232
364.0      208
105.0      203
362.0      179
363.0      163
346.0      152
157.0      152
365.0      143
366.0      137
716.0      135
377.0      133
681.0      133
828.0      129
374.0      128
109.0      127
505.0      125
85.0       124
372.0      115
368.0      111
373.0      110
97.0       110
350.0      105
70.0       105
695.0      104
731.0      102
728.0       99
676.0       98
717.0       97
713.0       95
95.0        95
678.0       95
387.0       90
370.0       89
375.0       88
349.0       80
689.0       79
104.0       77
693.0       77
735.0       71
99.0        71
430.0       70
709.0       69
809.0       68
360.0       67
369.0       67
108.0       66
356.0       65
546.0       65
904.0       64
792.0       64
102.0       64
182.0       64
708.0       63
376.0       63
722.0       62
337.0       62
711.0       60
449.0       59
707.0       58
721.0       56
354.0       55
706.0       54
361.0       53
734.0       52
359.0       51
686.0       51
409.0       51
749.0       51
388.0       50
660.0       50
355.0       47
399.0       47
382.0       47
436.0       47
736.0       46
750.0       45
79.0        45
741.0       43
537.0       43
774.0       42
726.0       42
420.0       42
729.0       42
106.0       42
714.0       41
404.0       41
730.0       41
379.0       40
451.0       39
684.0       39
381.0       38
659.0       38
378.0       38
392.0       38
788.0       38
367.0       37
87.0        37
393.0       37
120.0       37
771.0       36
345.0       36
80.0        36
687.0       35
391.0       35
438.0       34
705.0       34
742.0       33
611.0       33
86.0        33
763.0       33
657.0       32
732.0       32
630.0       32
74.0        32
162.0       32
467.0       32
737.0       31
466.0       31
426.0       31
94.0        31
798.0       31
773.0       31
699.0       30
91.0        30
740.0       29
344.0       29
781.0       29
727.0       29
401.0       29
483.0       29
680.0       29
782.0       29
84.0        29
117.0       29
93.0        29
810.0       29
819.0       29
455.0       29
733.0       28
112.0       28
720.0       28
62.0        28
323.0       28
386.0       27
675.0       27
96.0        27
572.0       27
166.0       27
51.0        27
168.0       27
90.0        27
500.0       27
424.0       26
739.0       26
406.0       26
712.0       25
380.0       25
744.0       25
692.0       24
411.0       24
121.0       24
665.0       23
753.0       23
398.0       23
688.0       23
650.0       23
352.0       23
400.0       23
347.0       22
696.0       22
674.0       22
389.0       22
621.0       22
383.0       22
685.0       22
772.0       22
697.0       21
682.0       21
348.0       21
402.0       20
443.0       20
395.0       20
193.0       20
768.0       20
756.0       20
719.0       19
351.0       19
394.0       19
412.0       19
72.0        19
694.0       19
718.0       19
83.0        19
673.0       18
748.0       18
690.0       18
403.0       18
723.0       18
700.0       18
790.0       17
747.0       17
419.0       17
724.0       17
441.0       17
743.0       16
672.0       16
343.0       16
652.0       16
710.0       16
202.0       16
384.0       15
390.0       15
701.0       15
427.0       15
715.0       15
758.0       14
623.0       14
752.0       14
677.0       14
698.0       14
397.0       14
764.0       14
396.0       14
435.0       14
464.0       14
751.0       14
422.0       14
407.0       14
691.0       13
423.0       13
725.0       13
800.0       13
757.0       13
429.0       13
760.0       12
385.0       12
776.0       12
418.0       12
410.0       12
341.0       12
452.0       12
476.0       12
656.0       12
124.0       12
603.0       12
328.0       12
458.0       12
153.0       11
647.0       11
336.0       11
309.0       11
136.0       11
837.0       11
542.0       11
405.0       11
702.0       11
140.0       11
616.0       11
119.0       11
450.0       11
416.0       10
457.0       10
765.0       10
60.0        10
755.0       10
353.0       10
333.0       10
762.0       10
335.0       10
133.0       10
510.0       10
844.0       10
738.0       10
71.0        10
485.0       10
635.0       10
468.0       10
646.0       10
539.0       10
445.0       10
802.0       10
118.0       10
484.0       10
110.0       10
111.0       10
606.0       10
884.0       10
663.0        9
415.0        9
240.0        9
453.0        9
655.0        9
766.0        9
745.0        9
82.0         9
499.0        9
338.0        9
159.0        9
431.0        9
638.0        9
493.0        9
68.0         9
220.0        9
477.0        9
73.0         9
989.0        9
918.0        9
147.0        9
667.0        8
444.0        8
332.0        8
339.0        8
662.0        8
425.0        8
428.0        8
472.0        8
670.0        8
615.0        8
870.0        8
413.0        8
857.0        8
605.0        8
799.0        8
197.0        8
664.0        8
785.0        8
541.0        8
808.0        8
520.0        8
113.0        8
206.0        8
152.0        8
149.0        8
189.0        8
198.0        8
551.0        8
875.0        8
830.0        8
850.0        8
156.0        8
169.0        8
882.0        8
281.0        8
56.0         8
138.0        8
804.0        7
89.0         7
813.0        7
470.0        7
434.0        7
417.0        7
342.0        7
622.0        7
817.0        7
600.0        7
103.0        7
767.0        7
669.0        7
122.0        7
779.0        7
590.0        7
746.0        7
437.0        7
535.0        6
408.0        6
601.0        6
653.0        6
617.0        6
609.0        6
637.0        6
608.0        6
645.0        6
644.0        6
778.0        6
703.0        6
679.0        6
754.0        5
761.0        5
651.0        5
671.0        5
783.0        5
658.0        5
648.0        5
582.0        5
305.0        5
613.0        5
770.0        5
414.0        5
780.0        5
556.0        5
439.0        5
548.0        5
794.0        5
78.0         5
107.0        5
81.0         5
777.0        5
786.0        5
463.0        5
639.0        5
666.0        5
460.0        4
250.0        4
602.0        4
821.0        4
624.0        4
303.0        4
787.0        4
315.0        4
560.0        4
627.0        4
308.0        4
544.0        4
329.0        4
661.0        4
580.0        4
525.0        4
795.0        4
498.0        4
576.0        4
491.0        4
583.0        4
503.0        4
176.0        4
521.0        4
448.0        4
554.0        4
636.0        4
440.0        4
469.0        4
301.0        4
803.0        3
98.0         3
818.0        3
612.0        3
597.0        3
461.0        3
479.0        3
801.0        3
497.0        3
839.0        3
588.0        3
831.0        3
459.0        3
495.0        3
791.0        3
421.0        3
827.0        3
473.0        3
569.0        3
61.0         3
446.0        3
820.0        3
158.0        3
531.0        3
889.0        3
145.0        3
148.0        3
269.0        3
642.0        3
506.0        3
494.0        3
610.0        3
233.0        3
614.0        3
584.0        3
482.0        3
518.0        3
545.0        3
522.0        3
515.0        3
604.0        3
513.0        3
619.0        3
769.0        3
131.0        3
838.0        3
88.0         3
504.0        3
626.0        3
784.0        2
101.0        2
2.0          2
134.0        2
568.0        2
816.0        2
496.0        2
654.0        2
574.0        2
331.0        2
595.0        2
261.0        2
480.0        2
42.0         2
607.0        2
292.0        2
77.0         2
567.0        2
231.0        2
797.0        2
432.0        2
486.0        2
211.0        2
643.0        2
265.0        2
487.0        2
834.0        2
620.0        2
216.0        2
509.0        2
640.0        2
527.0        2
599.0        2
160.0        2
161.0        2
618.0        2
263.0        2
532.0        2
256.0        2
815.0        2
125.0        2
566.0        2
330.0        2
447.0        2
632.0        2
814.0        2
314.0        2
853.0        2
478.0        2
100.0        2
128.0        2
471.0        2
846.0        2
164.0        2
279.0        2
668.0        2
631.0        2
587.0        2
789.0        2
201.0        2
40.0         2
49.0         2
596.0        2
264.0        2
33.0         2
634.0        2
1.0          1
806.0        1
8.0          1
1049.0       1
227.0        1
997.0        1
824.0        1
854.0        1
905.0        1
1027.0       1
37.0         1
276.0        1
900.0        1
1403.0       1
949.0        1
914.0        1
205.0        1
462.0        1
1056.0       1
559.0        1
7.0          1
923.0        1
203.0        1
139.0        1
196.0        1
629.0        1
759.0        1
252.0        1
851.0        1
571.0        1
919.0        1
1079.0       1
867.0        1
861.0        1
987.0        1
191.0        1
849.0        1
52.0         1
210.0        1
575.0        1
214.0        1
898.0        1
321.0        1
302.0        1
625.0        1
319.0        1
67.0         1
236.0        1
906.0        1
564.0        1
299.0        1
58.0         1
244.0        1
573.0        1
909.0        1
313.0        1
199.0        1
649.0        1
28.0         1
175.0        1
855.0        1
20.0         1
565.0        1
474.0        1
55.0         1
502.0        1
41.0         1
150.0        1
246.0        1
44.0         1
174.0        1
641.0        1
563.0        1
921.0        1
543.0        1
913.0        1
628.0        1
481.0        1
130.0        1
589.0        1
155.0        1
519.0        1
833.0        1
862.0        1
555.0        1
888.0        1
306.0        1
294.0        1
1007.0       1
10.0         1
570.0        1
271.0        1
324.0        1
593.0        1
66.0         1
524.0        1
523.0        1
194.0        1
508.0        1
932.0        1
316.0        1
39.0         1
835.0        1
143.0        1
775.0        1
578.0        1
334.0        1
901.0        1
978.0        1
286.0        1
326.0        1
872.0        1
852.0        1
822.0        1
534.0        1
186.0        1
192.0        1
322.0        1
490.0        1
501.0        1
207.0        1
116.0        1
21.0         1days_since_initial_visit_in_ldct
371.0     1145
842.0     1000
442.0      733
358.0      486
340.0      448
357.0      307
92.0       285
704.0      241
683.0      232
364.0      208
105.0      203
362.0      179
363.0      163
346.0      152
157.0      152
365.0      143
366.0      137
716.0      135
377.0      133
681.0      133
828.0      129
374.0      128
109.0      127
505.0      125
85.0       124
372.0      115
368.0      111
373.0      110
97.0       110
350.0      105
70.0       105
695.0      104
731.0      102
728.0       99
676.0       98
717.0       97
713.0       95
95.0        95
678.0       95
387.0       90
370.0       89
375.0       88
349.0       80
689.0       79
104.0       77
693.0       77
735.0       71
99.0        71
430.0       70
709.0       69
809.0       68
360.0       67
369.0       67
108.0       66
356.0       65
546.0       65
904.0       64
792.0       64
102.0       64
182.0       64
708.0       63
376.0       63
722.0       62
337.0       62
711.0       60
449.0       59
707.0       58
721.0       56
354.0       55
706.0       54
361.0       53
734.0       52
359.0       51
686.0       51
409.0       51
749.0       51
388.0       50
660.0       50
355.0       47
399.0       47
382.0       47
436.0       47
736.0       46
750.0       45
79.0        45
741.0       43
537.0       43
774.0       42
726.0       42
420.0       42
729.0       42
106.0       42
714.0       41
404.0       41
730.0       41
379.0       40
451.0       39
684.0       39
381.0       38
659.0       38
378.0       38
392.0       38
788.0       38
367.0       37
87.0        37
393.0       37
120.0       37
771.0       36
345.0       36
80.0        36
687.0       35
391.0       35
438.0       34
705.0       34
742.0       33
611.0       33
86.0        33
763.0       33
657.0       32
732.0       32
630.0       32
74.0        32
162.0       32
467.0       32
737.0       31
466.0       31
426.0       31
94.0        31
798.0       31
773.0       31
699.0       30
91.0        30
740.0       29
344.0       29
781.0       29
727.0       29
401.0       29
483.0       29
680.0       29
782.0       29
84.0        29
117.0       29
93.0        29
810.0       29
819.0       29
455.0       29
733.0       28
112.0       28
720.0       28
62.0        28
323.0       28
386.0       27
675.0       27
96.0        27
572.0       27
166.0       27
51.0        27
168.0       27
90.0        27
500.0       27
424.0       26
739.0       26
406.0       26
712.0       25
380.0       25
744.0       25
692.0       24
411.0       24
121.0       24
665.0       23
753.0       23
398.0       23
688.0       23
650.0       23
352.0       23
400.0       23
347.0       22
696.0       22
674.0       22
389.0       22
621.0       22
383.0       22
685.0       22
772.0       22
697.0       21
682.0       21
348.0       21
402.0       20
443.0       20
395.0       20
193.0       20
768.0       20
756.0       20
719.0       19
351.0       19
394.0       19
412.0       19
72.0        19
694.0       19
718.0       19
83.0        19
673.0       18
748.0       18
690.0       18
403.0       18
723.0       18
700.0       18
790.0       17
747.0       17
419.0       17
724.0       17
441.0       17
743.0       16
672.0       16
343.0       16
652.0       16
710.0       16
202.0       16
384.0       15
390.0       15
701.0       15
427.0       15
715.0       15
758.0       14
623.0       14
752.0       14
677.0       14
698.0       14
397.0       14
764.0       14
396.0       14
435.0       14
464.0       14
751.0       14
422.0       14
407.0       14
691.0       13
423.0       13
725.0       13
800.0       13
757.0       13
429.0       13
760.0       12
385.0       12
776.0       12
418.0       12
410.0       12
341.0       12
452.0       12
476.0       12
656.0       12
124.0       12
603.0       12
328.0       12
458.0       12
153.0       11
647.0       11
336.0       11
309.0       11
136.0       11
837.0       11
542.0       11
405.0       11
702.0       11
140.0       11
616.0       11
119.0       11
450.0       11
416.0       10
457.0       10
765.0       10
60.0        10
755.0       10
353.0       10
333.0       10
762.0       10
335.0       10
133.0       10
510.0       10
844.0       10
738.0       10
71.0        10
485.0       10
635.0       10
468.0       10
646.0       10
539.0       10
445.0       10
802.0       10
118.0       10
484.0       10
110.0       10
111.0       10
606.0       10
884.0       10
663.0        9
415.0        9
240.0        9
453.0        9
655.0        9
766.0        9
745.0        9
82.0         9
499.0        9
338.0        9
159.0        9
431.0        9
638.0        9
493.0        9
68.0         9
220.0        9
477.0        9
73.0         9
989.0        9
918.0        9
147.0        9
667.0        8
444.0        8
332.0        8
339.0        8
662.0        8
425.0        8
428.0        8
472.0        8
670.0        8
615.0        8
870.0        8
413.0        8
857.0        8
605.0        8
799.0        8
197.0        8
664.0        8
785.0        8
541.0        8
808.0        8
520.0        8
113.0        8
206.0        8
152.0        8
149.0        8
189.0        8
198.0        8
551.0        8
875.0        8
830.0        8
850.0        8
156.0        8
169.0        8
882.0        8
281.0        8
56.0         8
138.0        8
804.0        7
89.0         7
813.0        7
470.0        7
434.0        7
417.0        7
342.0        7
622.0        7
817.0        7
600.0        7
103.0        7
767.0        7
669.0        7
122.0        7
779.0        7
590.0        7
746.0        7
437.0        7
535.0        6
408.0        6
601.0        6
653.0        6
617.0        6
609.0        6
637.0        6
608.0        6
645.0        6
644.0        6
778.0        6
703.0        6
679.0        6
754.0        5
761.0        5
651.0        5
671.0        5
783.0        5
658.0        5
648.0        5
582.0        5
305.0        5
613.0        5
770.0        5
414.0        5
780.0        5
556.0        5
439.0        5
548.0        5
794.0        5
78.0         5
107.0        5
81.0         5
777.0        5
786.0        5
463.0        5
639.0        5
666.0        5
460.0        4
250.0        4
602.0        4
821.0        4
624.0        4
303.0        4
787.0        4
315.0        4
560.0        4
627.0        4
308.0        4
544.0        4
329.0        4
661.0        4
580.0        4
525.0        4
795.0        4
498.0        4
576.0        4
491.0        4
583.0        4
503.0        4
176.0        4
521.0        4
448.0        4
554.0        4
636.0        4
440.0        4
469.0        4
301.0        4
803.0        3
98.0         3
818.0        3
612.0        3
597.0        3
461.0        3
479.0        3
801.0        3
497.0        3
839.0        3
588.0        3
831.0        3
459.0        3
495.0        3
791.0        3
421.0        3
827.0        3
473.0        3
569.0        3
61.0         3
446.0        3
820.0        3
158.0        3
531.0        3
889.0        3
145.0        3
148.0        3
269.0        3
642.0        3
506.0        3
494.0        3
610.0        3
233.0        3
614.0        3
584.0        3
482.0        3
518.0        3
545.0        3
522.0        3
515.0        3
604.0        3
513.0        3
619.0        3
769.0        3
131.0        3
838.0        3
88.0         3
504.0        3
626.0        3
784.0        2
101.0        2
2.0          2
134.0        2
568.0        2
816.0        2
496.0        2
654.0        2
574.0        2
331.0        2
595.0        2
261.0        2
480.0        2
42.0         2
607.0        2
292.0        2
77.0         2
567.0        2
231.0        2
797.0        2
432.0        2
486.0        2
211.0        2
643.0        2
265.0        2
487.0        2
834.0        2
620.0        2
216.0        2
509.0        2
640.0        2
527.0        2
599.0        2
160.0        2
161.0        2
618.0        2
263.0        2
532.0        2
256.0        2
815.0        2
125.0        2
566.0        2
330.0        2
447.0        2
632.0        2
814.0        2
314.0        2
853.0        2
478.0        2
100.0        2
128.0        2
471.0        2
846.0        2
164.0        2
279.0        2
668.0        2
631.0        2
587.0        2
789.0        2
201.0        2
40.0         2
49.0         2
596.0        2
264.0        2
33.0         2
634.0        2
1.0          1
806.0        1
8.0          1
1049.0       1
227.0        1
997.0        1
824.0        1
854.0        1
905.0        1
1027.0       1
37.0         1
276.0        1
900.0        1
1403.0       1
949.0        1
914.0        1
205.0        1
462.0        1
1056.0       1
559.0        1
7.0          1
923.0        1
203.0        1
139.0        1
196.0        1
629.0        1
759.0        1
252.0        1
851.0        1
571.0        1
919.0        1
1079.0       1
867.0        1
861.0        1
987.0        1
191.0        1
849.0        1
52.0         1
210.0        1
575.0        1
214.0        1
898.0        1
321.0        1
302.0        1
625.0        1
319.0        1
67.0         1
236.0        1
906.0        1
564.0        1
299.0        1
58.0         1
244.0        1
573.0        1
909.0        1
313.0        1
199.0        1
649.0        1
28.0         1
175.0        1
855.0        1
20.0         1
565.0        1
474.0        1
55.0         1
502.0        1
41.0         1
150.0        1
246.0        1
44.0         1
174.0        1
641.0        1
563.0        1
921.0        1
543.0        1
913.0        1
628.0        1
481.0        1
130.0        1
589.0        1
155.0        1
519.0        1
833.0        1
862.0        1
555.0        1
888.0        1
306.0        1
294.0        1
1007.0       1
10.0         1
570.0        1
271.0        1
324.0        1
593.0        1
66.0         1
524.0        1
523.0        1
194.0        1
508.0        1
932.0        1
316.0        1
39.0         1
835.0        1
143.0        1
775.0        1
578.0        1
334.0        1
901.0        1
978.0        1
286.0        1
326.0        1
872.0        1
852.0        1
822.0        1
534.0        1
186.0        1
192.0        1
322.0        1
490.0        1
501.0        1
207.0        1
116.0        1
21.0         1